method,path,authentication,canonical_role_persona,permission,mutation_access_scope,principal_tenant,target_object_tenant,object_parent_ownership,actor_subject_derivation,client_field_authority,state_transition,service_layer_enforcement,alternate_route_closure,connected_read_privacy,audit_behavior,transaction_atomicity,idempotency_concurrency,internal_caller_preservation
DELETE,/v1/provider/profile/logo,required (bearer),tenant_owner + delegated staff (existing roles only),(none exists for media - keep role-based; do NOT add a permission),MUST deny read-only mutation access scope,principal.tenant_id (server-derived),asset.tenant_id from the loaded record,MUST keep MediaAccessService.assert_can_delete/assert_can_view as the enforcement point,actor = principal.user_id; subject = the asset/user being changed,MUST NOT trust owner_type/owner_id/tenant_id from the body,MUST reject replace/delete of an already-deleted asset,"MUST remain enforced in MediaAssetService, not only the router","MUST check the profile.router alternates (PUT /v1/me/profile, /v1/staff/profile)","foreign asset -> 404, never a 403 that confirms existence",media.deleted / media.uploaded audit retained,no partial write if the guard fires,replace/delete safe under repeat,internal/system callers must keep working
DELETE,/v1/provider/profile/shop-photo,required (bearer),tenant_owner + delegated staff (existing roles only),(none exists for media - keep role-based; do NOT add a permission),MUST deny read-only mutation access scope,principal.tenant_id (server-derived),asset.tenant_id from the loaded record,MUST keep MediaAccessService.assert_can_delete/assert_can_view as the enforcement point,actor = principal.user_id; subject = the asset/user being changed,MUST NOT trust owner_type/owner_id/tenant_id from the body,MUST reject replace/delete of an already-deleted asset,"MUST remain enforced in MediaAssetService, not only the router","MUST check the profile.router alternates (PUT /v1/me/profile, /v1/staff/profile)","foreign asset -> 404, never a 403 that confirms existence",media.deleted / media.uploaded audit retained,no partial write if the guard fires,replace/delete safe under repeat,internal/system callers must keep working
DELETE,/v1/staff/profile/photo,required (bearer),self-service principal,(none exists for media - keep role-based; do NOT add a permission),MUST deny read-only mutation access scope,n/a,asset.tenant_id from the loaded record,MUST keep MediaAccessService.assert_can_delete/assert_can_view as the enforcement point,actor = principal.user_id; subject = the asset/user being changed,MUST NOT trust owner_type/owner_id/tenant_id from the body,MUST reject replace/delete of an already-deleted asset,"MUST remain enforced in MediaAssetService, not only the router","MUST check the profile.router alternates (PUT /v1/me/profile, /v1/staff/profile)","foreign asset -> 404, never a 403 that confirms existence",media.deleted / media.uploaded audit retained,no partial write if the guard fires,replace/delete safe under repeat,internal/system callers must keep working
POST,/v1/me/profile-photo,required (bearer),self-service principal,(none exists for media - keep role-based; do NOT add a permission),MUST deny read-only mutation access scope,n/a,asset.tenant_id from the loaded record,MUST keep MediaAccessService.assert_can_delete/assert_can_view as the enforcement point,actor = principal.user_id; subject = the asset/user being changed,MUST NOT trust owner_type/owner_id/tenant_id from the body,MUST reject replace/delete of an already-deleted asset,"MUST remain enforced in MediaAssetService, not only the router","MUST check the profile.router alternates (PUT /v1/me/profile, /v1/staff/profile)","foreign asset -> 404, never a 403 that confirms existence",media.deleted / media.uploaded audit retained,no partial write if the guard fires,replace/delete safe under repeat,internal/system callers must keep working
POST,/v1/media/upload,required (bearer),tenant_owner + delegated staff (existing roles only),(none exists for media - keep role-based; do NOT add a permission),MUST deny read-only mutation access scope,principal.tenant_id (server-derived),asset.tenant_id from the loaded record,MUST keep MediaAccessService.assert_can_delete/assert_can_view as the enforcement point,actor = principal.user_id; subject = the asset/user being changed,MUST NOT trust owner_type/owner_id/tenant_id from the body,MUST reject replace/delete of an already-deleted asset,"MUST remain enforced in MediaAssetService, not only the router","MUST check the profile.router alternates (PUT /v1/me/profile, /v1/staff/profile)","foreign asset -> 404, never a 403 that confirms existence",media.deleted / media.uploaded audit retained,no partial write if the guard fires,replace/delete safe under repeat,internal/system callers must keep working
POST,/v1/media/{media_id}/replace,required (bearer),tenant_owner + delegated staff (existing roles only),(none exists for media - keep role-based; do NOT add a permission),MUST deny read-only mutation access scope,principal.tenant_id (server-derived),asset.tenant_id from the loaded record,MUST keep MediaAccessService.assert_can_delete/assert_can_view as the enforcement point,actor = principal.user_id; subject = the asset/user being changed,MUST NOT trust owner_type/owner_id/tenant_id from the body,MUST reject replace/delete of an already-deleted asset,"MUST remain enforced in MediaAssetService, not only the router","MUST check the profile.router alternates (PUT /v1/me/profile, /v1/staff/profile)","foreign asset -> 404, never a 403 that confirms existence",media.deleted / media.uploaded audit retained,no partial write if the guard fires,replace/delete safe under repeat,internal/system callers must keep working
POST,/v1/provider/profile/logo,required (bearer),tenant_owner + delegated staff (existing roles only),(none exists for media - keep role-based; do NOT add a permission),MUST deny read-only mutation access scope,principal.tenant_id (server-derived),asset.tenant_id from the loaded record,MUST keep MediaAccessService.assert_can_delete/assert_can_view as the enforcement point,actor = principal.user_id; subject = the asset/user being changed,MUST NOT trust owner_type/owner_id/tenant_id from the body,MUST reject replace/delete of an already-deleted asset,"MUST remain enforced in MediaAssetService, not only the router","MUST check the profile.router alternates (PUT /v1/me/profile, /v1/staff/profile)","foreign asset -> 404, never a 403 that confirms existence",media.deleted / media.uploaded audit retained,no partial write if the guard fires,replace/delete safe under repeat,internal/system callers must keep working
POST,/v1/provider/profile/shop-photo,required (bearer),tenant_owner + delegated staff (existing roles only),(none exists for media - keep role-based; do NOT add a permission),MUST deny read-only mutation access scope,principal.tenant_id (server-derived),asset.tenant_id from the loaded record,MUST keep MediaAccessService.assert_can_delete/assert_can_view as the enforcement point,actor = principal.user_id; subject = the asset/user being changed,MUST NOT trust owner_type/owner_id/tenant_id from the body,MUST reject replace/delete of an already-deleted asset,"MUST remain enforced in MediaAssetService, not only the router","MUST check the profile.router alternates (PUT /v1/me/profile, /v1/staff/profile)","foreign asset -> 404, never a 403 that confirms existence",media.deleted / media.uploaded audit retained,no partial write if the guard fires,replace/delete safe under repeat,internal/system callers must keep working
POST,/v1/staff/profile/photo,required (bearer),self-service principal,(none exists for media - keep role-based; do NOT add a permission),MUST deny read-only mutation access scope,n/a,asset.tenant_id from the loaded record,MUST keep MediaAccessService.assert_can_delete/assert_can_view as the enforcement point,actor = principal.user_id; subject = the asset/user being changed,MUST NOT trust owner_type/owner_id/tenant_id from the body,MUST reject replace/delete of an already-deleted asset,"MUST remain enforced in MediaAssetService, not only the router","MUST check the profile.router alternates (PUT /v1/me/profile, /v1/staff/profile)","foreign asset -> 404, never a 403 that confirms existence",media.deleted / media.uploaded audit retained,no partial write if the guard fires,replace/delete safe under repeat,internal/system callers must keep working
