artifact,state,notes
route-resolution-report.md,PRESENT,"all 21 routes individually traced: 9 fixed / 4 safe / 3 N01 standing / 5 flagged"
known-limitations.md,PRESENT,"5 remaining PRODUCT_DECISION_REQUIRED rows, full reviewer-bar evidence each"
final-status-rationale.md,PRESENT,"AUTHORIZATION_REMEDIATION_BLOCKED rationale"
route-denominator-reconciliation.md,PRESENT,"21 -> 5 PRODUCT_DECISION_REQUIRED reduction reconciled"
route-enumeration-method.md,PRESENT,"individual trace method documented"
branch-worktree-baseline.md,PRESENT,"cea399f baseline, dedicated branch/worktree confirmed"
worktree-interference-guard.md,PRESENT,"guard staleness defect fixed, state stored outside worktree"
targeted-test-report.md,PRESENT,"19/19 new tests passing"
phase2f-regression-report.md,PRESENT,"see file for exact run A/B numbers"
full-backend-regression-diff.md,PRESENT,"see file for exact full-suite numbers"
backend-file-change-report.md,PRESENT,"13 app files + 2 new files"
frontend-non-change-report.md,PRESENT,"zero frontend/mobile/UX writes confirmed"
deferred-items.md,PRESENT,"5 flagged routes + 2F-39B/C/40 sequencing + prior deferrals"
implementation-summary.md,PRESENT,"this slice's summary"
approval-gate.md,PRESENT,"21-point gate"
migration-144-execution-record.md,NOT_APPLICABLE_FOR_THIS_SLICE,"explicitly out of scope this slice"
demo-role-decision-record.md,NOT_APPLICABLE_FOR_THIS_SLICE,"explicitly out of scope this slice"
verify_2f39a4.py,MISSING_REQUIRED,"dedicated verification script not written this slice; listed as a deferred item"
