module,route_count,route_keys,routers_services_models,permissions,current_protection_classes,shared_authorization_boundary,held_candidates,security_observations,product_blockers,internal_callers,closure_complexity
admin_catalog_provider_setup,4,"POST /v1/provider/brands/requests; POST /v1/provider/brands/services/{service_id}/supported; POST /v1/provider/setup/recommendations; POST /v1/provider/setup/services/{service_id}/supported-options",brand_provider_router.py + recommendation_router.py + service_option_provider_router.py (3 files, admin_catalog engine),require_technician (role only, no permission bit),ROLE_ONLY_NOT_ACCESS_SCOPE_AWARE (all 4),identical guard chain (require_technician|get_current_user) and identical fix pattern across all 4 despite 3 separate router files,none found sharing this exact boundary,not independently audited this slice beyond guard chain,none known,not enumerated this slice,MEDIUM -- same fix pattern but 3 files to touch
profile_technician_self_service,3,"PUT /v1/provider/business-profile; POST /v1/provider/business-profile/submit-review; PUT /v1/staff/profile",app/engines/profile/router.py (_svc_technician),require_technician (role only),ROLE_ONLY_NOT_ACCESS_SCOPE_AWARE (all 3),identical guard chain and _svc_technician dependency,none found sharing this exact boundary,not independently audited this slice beyond guard chain,none known,not enumerated this slice,LOW -- single file, single dependency factory
profile_universal_self_service,1,PUT /v1/me/profile,app/engines/profile/router.py (_svc),none (get_current_user only),AUTHENTICATED_ONLY_NO_PERMISSION_CHECK,distinct boundary from the technician-scoped profile routes -- self-service by any authenticated role,none found,not independently audited this slice; canonical notes tenant=actor.tenant_id,none known,not enumerated this slice,LOW but requires a product decision on whether self-service should ever require a role check
marketing_automation_provider,3,"PUT /v1/provider/marketing/assets/{asset_id}/provider-notes; POST /v1/provider/marketing/campaigns/generate-launch; POST /v1/provider/marketing/campaigns/{campaign_id}/submit-review",app/engines/marketing_automation/provider_router.py,none (get_current_user only, all 3),AUTHENTICATED_ONLY_NO_PERMISSION_CHECK (all 3),identical guard chain (get_current_user only) confirmed by 2F-23 per-endpoint review,none found sharing this exact boundary,2F-23 per-endpoint review already confirmed no role/permission check exists,none known,not enumerated this slice,LOW -- single file
analytics_provider_reports,1,POST /v1/provider/reports/run,app/engines/analytics/provider_router.py,none (get_current_user only),AUTHENTICATED_ONLY_NO_PERMISSION_CHECK,single-route boundary,none found,2F-23 per-endpoint review,none known,not enumerated this slice,LOW
rag_query,1,POST /v1/rag/query,app/engines/rag/router.py,none (get_current_user only),AUTHENTICATED_ONLY_NO_PERMISSION_CHECK,single-route boundary; tenant derived from u.tenant_id per canonical notes,none found,2F-26 persona sweep,none known,not enumerated this slice,LOW
platform_commerce_deposit,3,"GET /v1/commerce/tenants/{tenant_id}/deposit; POST /v1/commerce/tenants/{tenant_id}/deposit/initiate; GET /v1/commerce/tenants/{tenant_id}/deposit/transactions",app/engines/platform_commerce/router.py + CommerceService,require_tenant_billing_read / require_tenant_billing_manage,PERMISSION_ONLY_NOT_SCOPE_AWARE (all 3),identical guard family (billing permission) AND identical service-layer tenant assertion (_assert_owns_tenant_deposit) -- directly inspected this slice,none found,directly inspected: CommerceService._assert_owns_tenant_deposit already blocks cross-tenant access; the ONLY gap is missing access-scope awareness,none known,not enumerated this slice,LOW -- cross-tenant already closed at service layer; only the access-scope guard needs adding
enterprise_grid_saved_views,4,"POST /v1/enterprise/saved-views; PUT /v1/enterprise/saved-views/{view_id}; DELETE /v1/enterprise/saved-views/{view_id}; POST /v1/enterprise/saved-views/{view_id}/set-default",app/engines/enterprise_grid/router.py + SavedViewService,none (get_current_user only, all 4),AUTHENTICATED_ONLY_NO_PERMISSION_CHECK (all 4),identical guard chain; SavedViewService directly inspected -- update/delete compare owner_user_id; set_default checks visibility via get_view but never re-checks ownership before mutating is_default,none found,directly inspected -- set_default has a WEAKER ownership check than update/delete (partial gap; flagged),none known,not enumerated this slice,MEDIUM -- set_default's ownership check needs strengthening, not just a guard swap
enterprise_grid_preferences_exports,2,"PUT /v1/enterprise/column-preferences; POST /v1/enterprise/exports",app/engines/enterprise_grid/router.py + ColumnPreferenceService/ExportService,none (get_current_user only, both),AUTHENTICATED_ONLY_NO_PERMISSION_CHECK (both),identical guard chain; same router file as saved_views but distinct services/models,none found,not independently audited this slice (services not read); create_export is a bulk data-export action with privacy/compliance impact,none known,not enumerated this slice,MEDIUM -- export service not yet audited for tenant/row-level scoping
webhook_endpoint_management,1,DELETE /v1/webhooks/endpoints/{endpoint_id},app/engines/webhook/router.py + WebhookService,require_permission(TENANT_UPDATE),PERMISSION_ONLY_NOT_SCOPE_AWARE,client-asserted tenant_id (Query param) never compared to caller's own tenant -- directly inspected this slice,none sharing this exact boundary (see n01-domain-integrity-backlog.csv for unrelated N01 items),directly inspected -- WebhookService.delete_endpoint filters by client tenant_id with no principal-vs-target check,none known,not enumerated this slice,LOW -- single route; fix is deriving tenant server-side and comparing
geo_zone_management,1,DELETE /v1/geo/zones/{zone_id},app/engines/geo/router.py + GeoService,require_permission(TENANT_UPDATE),PERMISSION_ONLY_NOT_SCOPE_AWARE,ZERO tenant predicate anywhere in the route or service -- directly inspected this slice; worst ownership gap of all 24 routes,POST /v1/geo/tenants/{tenant_id}/zones and POST /v1/geo/tenants/{tenant_id}/staff/{staff_id}/location share this router/service boundary and remain PENDING in the held registry,directly inspected -- GeoService.delete_zone AND update_zone (not canonical) both query WHERE id==zone_id only; complete absence of tenant scoping,none known,not enumerated this slice,LOW -- single route; fix requires deriving tenant server-side (zone has no tenant column check today -- must add one) and comparing before the query
