method,path,endpoint_name,guard_status,access_scope_enforced,permission_enforced,ownership_enforced,tested
POST,/v1/tenants/onboarding/signup,submit_signup,PUBLIC_NO_AUTH,n/a,n/a,n/a,yes (existing coverage, unchanged)
POST,/v1/tenants/onboarding/{request_id}/activate,activate_tenant,PLATFORM_ADMIN_ONLY,n/a (super_admin exempt),yes (role),n/a,yes (existing coverage, unchanged)
PUT,/v1/tenants/onboarding/{request_id}/checklist/{item_key},update_checklist,PLATFORM_ADMIN_ONLY,n/a (super_admin exempt),yes (role),n/a,yes (existing coverage, unchanged)
POST,/v1/tenants/onboarding/{request_id}/preflight-check,preflight_check,PLATFORM_ADMIN_ONLY,n/a (super_admin exempt),yes (role),n/a,yes (existing coverage, unchanged)
POST,/v1/tenants/onboarding/{request_id}/reject,reject_onboarding,PLATFORM_ADMIN_ONLY,n/a (super_admin exempt),yes (role),n/a,yes (existing coverage, unchanged)
POST,/v1/tenants/onboarding/{request_id}/request-documents,request_documents,PLATFORM_ADMIN_ONLY,n/a (super_admin exempt),yes (role),n/a,yes (existing coverage, unchanged)
POST,/v1/tenants/onboarding/{request_id}/start-review,start_review,PLATFORM_ADMIN_ONLY,n/a (super_admin exempt),yes (role),n/a,yes (existing coverage, unchanged)
POST,/v1/tenants/{tenant_id}/billing/dunning,trigger_dunning,PLATFORM_ADMIN_ONLY,n/a (super_admin exempt),yes (role),n/a,yes (existing coverage, unchanged)
PUT,/v1/tenants/{tenant_id},update_tenant,TENANT_MUTATION_PERMISSION_SCOPE_AWARE,YES (new this slice),yes,yes,YES -- readonly-denied/owner-success/cross-tenant-rejected all proven via direct HTTP test
PUT,/v1/tenants/{tenant_id}/billing/payment-method,update_payment_method,TENANT_MUTATION_PERMISSION_SCOPE_AWARE,YES (new this slice),yes,yes,YES -- readonly-denied/owner-success/cross-tenant-rejected all proven via direct HTTP test
POST,/v1/tenants/{tenant_id}/data/export,request_data_export,TENANT_MUTATION_PERMISSION_SCOPE_AWARE,YES (new this slice),yes,yes,YES -- full direct HTTP proof for read-only-denial, owner-outcome, and cross-tenant-outcome (Slice 2F-1A closed the representative-sample gap)
POST,/v1/tenants/{tenant_id}/engines/bulk-enable,bulk_enable,TENANT_MUTATION_PERMISSION_SCOPE_AWARE,YES (new this slice),yes,yes,YES -- readonly-denied/owner-success/cross-tenant-rejected all proven via direct HTTP test
POST,/v1/tenants/{tenant_id}/engines/bulk-disable,bulk_disable,TENANT_MUTATION_PERMISSION_SCOPE_AWARE,YES (new this slice),yes,yes,YES -- full direct HTTP proof for read-only-denial, owner-outcome, and cross-tenant-outcome (Slice 2F-1A closed the representative-sample gap)
POST,/v1/tenants/{tenant_id}/engines/{engine_id}/enable,enable_engine,TENANT_MUTATION_PERMISSION_SCOPE_AWARE,YES (new this slice),yes,yes,YES -- full direct HTTP proof for read-only-denial, owner-outcome, and cross-tenant-outcome (Slice 2F-1A closed the representative-sample gap)
POST,/v1/tenants/{tenant_id}/engines/{engine_id}/disable,disable_engine,TENANT_MUTATION_PERMISSION_SCOPE_AWARE,YES (new this slice),yes,yes,YES -- full direct HTTP proof for read-only-denial, owner-outcome, and cross-tenant-outcome (Slice 2F-1A closed the representative-sample gap)
PUT,/v1/tenants/{tenant_id}/engines/{engine_id}/config,update_engine_config,TENANT_MUTATION_PERMISSION_SCOPE_AWARE,YES (new this slice),yes,yes,YES -- full direct HTTP proof for read-only-denial, owner-outcome, and cross-tenant-outcome (Slice 2F-1A closed the representative-sample gap)
POST,/v1/tenants/{tenant_id}/engines/{engine_id}/config/validate,validate_engine_config,TENANT_MUTATION_PERMISSION_SCOPE_AWARE,YES (new this slice),yes,yes,YES -- full direct HTTP proof for read-only-denial, owner-outcome, and cross-tenant-outcome (Slice 2F-1A closed the representative-sample gap)
PUT,/v1/tenants/{tenant_id}/feature-flags/{flag_key},set_feature_flag,TENANT_MUTATION_PERMISSION_SCOPE_AWARE,YES (new this slice),yes,yes,YES -- readonly-denied/owner-success/cross-tenant-rejected all proven via direct HTTP test
DELETE,/v1/tenants/{tenant_id}/feature-flags/{flag_key},delete_feature_flag,TENANT_MUTATION_PERMISSION_SCOPE_AWARE,YES (new this slice),yes,yes,YES -- full direct HTTP proof for read-only-denial, owner-outcome, and cross-tenant-outcome (Slice 2F-1A closed the representative-sample gap)
POST,/v1/tenants/{tenant_id}/suspend,suspend_tenant,TENANT_MUTATION_PERMISSION_SCOPE_AWARE,YES (new this slice; permission itself super_admin-only today),yes (P.ALL only, no role holds tenant:suspend),n/a (super_admin exempt from ownership check),YES -- full direct HTTP proof: read-only-denial, tenant_owner-denial (expected, PLATFORM_ADMIN_ONLY per Slice 2F-1A), cross-tenant-denial, and super_admin-retains-access, all directly tested
POST,/v1/tenants/{tenant_id}/reinstate,reinstate_tenant,TENANT_MUTATION_PERMISSION_SCOPE_AWARE,YES (new this slice; permission itself super_admin-only today),yes (P.ALL only, no role holds tenant:reinstate),n/a (super_admin exempt from ownership check),YES -- full direct HTTP proof: read-only-denial, tenant_owner-denial (expected, PLATFORM_ADMIN_ONLY per Slice 2F-1A), cross-tenant-denial, and super_admin-retains-access, all directly tested
POST,/v1/tenants/{tenant_id}/terminate/begin,begin_termination,TENANT_MUTATION_PERMISSION_SCOPE_AWARE,YES (new this slice; permission itself super_admin-only today),yes (P.ALL only, no role holds tenant:terminate),n/a (super_admin exempt from ownership check),YES -- full direct HTTP proof: read-only-denial, tenant_owner-denial (expected, PLATFORM_ADMIN_ONLY per Slice 2F-1A), cross-tenant-denial, and super_admin-retains-access, all directly tested
POST,/v1/tenants/{tenant_id}/terminate/confirm,confirm_termination,TENANT_MUTATION_PERMISSION_SCOPE_AWARE,YES (new this slice; permission itself super_admin-only today),yes (P.ALL only, no role holds tenant:terminate),n/a (super_admin exempt from ownership check),YES -- full direct HTTP proof: read-only-denial, tenant_owner-denial (expected, PLATFORM_ADMIN_ONLY per Slice 2F-1A), cross-tenant-denial, and super_admin-retains-access, all directly tested
POST,/v1/tenants/{tenant_id}/plan/upgrade,upgrade_plan,TENANT_MUTATION_PERMISSION_SCOPE_AWARE,YES (new this slice; permission itself super_admin-only today),yes (P.ALL only, no role holds tenant:plan:manage),n/a (super_admin exempt from ownership check),YES -- full direct HTTP proof: read-only-denial, tenant_owner-denial (expected, PLATFORM_ADMIN_ONLY per Slice 2F-1A), cross-tenant-denial, and super_admin-retains-access, all directly tested
POST,/v1/tenants/{tenant_id}/plan/downgrade,downgrade_plan,TENANT_MUTATION_PERMISSION_SCOPE_AWARE,YES (new this slice; permission itself super_admin-only today),yes (P.ALL only, no role holds tenant:plan:manage),n/a (super_admin exempt from ownership check),YES -- full direct HTTP proof: read-only-denial, tenant_owner-denial (expected, PLATFORM_ADMIN_ONLY per Slice 2F-1A), cross-tenant-denial, and super_admin-retains-access, all directly tested
POST,/v1/tenants/{tenant_id}/trial/convert,convert_trial,TENANT_MUTATION_PERMISSION_SCOPE_AWARE,YES (new this slice; permission itself super_admin-only today),yes (P.ALL only, no role holds tenant:plan:manage),n/a (super_admin exempt from ownership check),YES -- full direct HTTP proof: read-only-denial, tenant_owner-denial (expected, PLATFORM_ADMIN_ONLY per Slice 2F-1A), cross-tenant-denial, and super_admin-retains-access, all directly tested
POST,/v1/tenants/{tenant_id}/data/delete-request,gdpr_deletion,TENANT_MUTATION_PERMISSION_SCOPE_AWARE,YES (new this slice; permission itself super_admin-only today),yes (P.ALL only, no role holds tenant:data:delete),n/a (super_admin exempt from ownership check),YES -- full direct HTTP proof: read-only-denial, tenant_owner-denial (expected, PLATFORM_ADMIN_ONLY per Slice 2F-1A), cross-tenant-denial, and super_admin-retains-access, all directly tested
