endpoint,role/permission_dependency,access_scope_aware,tenant_ownership,item_parent_check,verification_level
create_template,require_tenant_mutation_permission(FIELD_OPS_CHECKLIST_MANAGE),yes (fixed),_tenant_id principal-bound,n/a,SLICE_2F13_VERIFIED
update_template,require_tenant_mutation_permission(FIELD_OPS_CHECKLIST_MANAGE),yes (fixed),_get_template_for_tenant all-tenant-scoped (fixed),n/a,SLICE_2F13_VERIFIED
delete_template,require_tenant_mutation_permission(FIELD_OPS_CHECKLIST_MANAGE),yes (fixed),_get_template_for_tenant (fixed),n/a,SLICE_2F13_VERIFIED
add_item,require_tenant_mutation_permission(FIELD_OPS_CHECKLIST_MANAGE),yes (fixed),_get_template_for_tenant (fixed),n/a,SLICE_2F13_VERIFIED
update_item,require_tenant_mutation_permission(FIELD_OPS_CHECKLIST_MANAGE),yes (fixed),_get_template_for_tenant (fixed),_get_item_for_template (fixed-tenant + parent),SLICE_2F13_VERIFIED
delete_item,require_tenant_mutation_permission(FIELD_OPS_CHECKLIST_MANAGE),yes (fixed),_get_template_for_tenant (fixed),_get_item_for_template,SLICE_2F13_VERIFIED
list_templates,require_permission(FIELD_OPS_CHECKLIST_MANAGE),n/a (read),query filtered by principal tenant,n/a,SLICE_2F13_VERIFIED
get_template,require_permission(FIELD_OPS_CHECKLIST_MANAGE),n/a (read),_get_template_for_tenant (fixed),n/a,SLICE_2F13_VERIFIED
list_items,require_permission(FIELD_OPS_CHECKLIST_MANAGE),n/a (read),_get_template_for_tenant (fixed this slice -- was unchecked read IDOR),n/a,SLICE_2F13_VERIFIED
