method,path,endpoint_name,capability,model,service_method,role_dependency_before,role_dependency_after,tenant_ownership,item_parent_check,classification,verification_level
GET,/v1/tenant/checklist-templates,list_templates,list tenant templates,ServiceChecklistTemplate,list_templates,require_permission,require_permission (read -- unchanged),query filtered by _tenant_id(u) (principal),n/a,TENANT_OWNER_TEMPLATE_MUTATION (read),SLICE_2F13_VERIFIED
POST,/v1/tenant/checklist-templates,create_template,create template,ServiceChecklistTemplate,create_template,require_permission,require_tenant_mutation_permission (fixed),_tenant_id(u) principal-bound (super_admin may pass body tenant_id),n/a,TENANT_OWNER_TEMPLATE_MUTATION,SLICE_2F13_VERIFIED
GET,/v1/tenant/checklist-templates/{template_id},get_template,get template + items,ServiceChecklistTemplate,get_template,require_permission,require_permission (read -- unchanged),_get_template_for_tenant (fixed: all tenant-scoped actors),n/a,TENANT_OWNER_TEMPLATE_MUTATION (read),SLICE_2F13_VERIFIED
PUT,/v1/tenant/checklist-templates/{template_id},update_template,update template,ServiceChecklistTemplate,update_template,require_permission,require_tenant_mutation_permission (fixed),_get_template_for_tenant (fixed),n/a,TENANT_OWNER_TEMPLATE_MUTATION,SLICE_2F13_VERIFIED
DELETE,/v1/tenant/checklist-templates/{template_id},delete_template,soft-delete template,ServiceChecklistTemplate,delete_template,require_permission,require_tenant_mutation_permission (fixed),_get_template_for_tenant (fixed),n/a,TENANT_OWNER_TEMPLATE_MUTATION,SLICE_2F13_VERIFIED
GET,/v1/tenant/checklist-templates/{template_id}/items,list_items,list template items,ServiceChecklistItem,list_items,require_permission,require_permission (read -- unchanged),query by template_id (note: no tenant recheck on this READ -- see known-limitations),n/a,TENANT_OWNER_TEMPLATE_MUTATION (read),SLICE_2F13_VERIFIED
POST,/v1/tenant/checklist-templates/{template_id}/items,add_item,add template item,ServiceChecklistItem,add_item,require_permission,require_tenant_mutation_permission (fixed),_get_template_for_tenant (fixed),n/a (creates under verified template),TENANT_OWNER_TEMPLATE_MUTATION,SLICE_2F13_VERIFIED
PUT,/v1/tenant/checklist-templates/{template_id}/items/{item_id},update_item,update template item,ServiceChecklistItem,update_item,require_permission,require_tenant_mutation_permission (fixed),_get_template_for_tenant (fixed),_get_item_for_template (item.template_id==template_id),TENANT_OWNER_TEMPLATE_MUTATION,SLICE_2F13_VERIFIED
DELETE,/v1/tenant/checklist-templates/{template_id}/items/{item_id},delete_item,soft-delete template item,ServiceChecklistItem,delete_item,require_permission,require_tenant_mutation_permission (fixed),_get_template_for_tenant (fixed),_get_item_for_template,TENANT_OWNER_TEMPLATE_MUTATION,SLICE_2F13_VERIFIED
